<?xml version="1.0" encoding="UTF-8"?>
<project-private xmlns="http://www.netbeans.org/ns/project-private/1">
    <editor-bookmarks xmlns="http://www.netbeans.org/ns/editor-bookmarks/2" lastBookmarkId="0"/>
    <open-files xmlns="http://www.netbeans.org/ns/projectui-open-files/2">
        <group>
            <file>file:/home/koala_bolo/Comp/Softer/EngenhariaDeSoftware-master/src/Interface/AlterarEstoque.java</file>
            <file>file:/home/koala_bolo/Comp/Softer/EngenhariaDeSoftware-master/src/Interface/AlterarCliente.java</file>
            <file>file:/home/koala_bolo/Comp/Softer/EngenhariaDeSoftware-master/src/Interface/InserirEstoque.java</file>
            <file>file:/home/koala_bolo/Comp/Softer/EngenhariaDeSoftware-master/src/Interface/InterfaceCliente.java</file>
            <file>file:/home/koala_bolo/Comp/Softer/EngenhariaDeSoftware-master/src/Interface/InterfaceEstoque.java</file>
        </group>
    </open-files>
</project-private>
